date,views
2025-11-01,11118
2025-11-02,10394
2025-11-03,7308
2025-11-04,8590
2025-11-05,8163
2025-11-06,9685
2025-11-07,12317
2025-11-08,13182
2025-11-09,11842
2025-11-10,8394
2025-11-11,8356
2025-11-12,9223
2025-11-13,11525
2025-11-14,11189
2025-11-15,12942
2025-11-16,13424
2025-11-17,8173
2025-11-18,10184
2025-11-19,10039
2025-11-20,11482
2025-11-21,15812
2025-11-23,15689
2025-11-24,8752
2025-11-25,10529
2025-11-26,12252
2025-11-27,13071
2025-11-28,16449
2025-11-29,17380
2025-11-30,17015
2025-12-01,10598
2025-12-02,14312
2025-12-03,13389
2025-12-04,14520
2025-12-05,18631
2025-12-06,18384
2025-12-07,19282
2025-12-09,11799
2025-12-10,14910
2025-12-11,18114
2025-12-12,19513
2025-12-14,20340
2025-12-15,11497
2025-12-16,13630
2025-12-17,15306
2025-12-18,20079
2025-12-19,21380
2025-12-20,20948
2025-12-21,22874
2025-12-22,13971
2025-12-23,14775
2025-12-24,18060
2025-12-25,21600
2025-12-26,23889
2025-12-27,23915
2025-12-28,23636
2025-12-29,16097
2025-12-30,18398
2025-12-31,17677
2026-01-01,21244
2026-01-02,22362
2026-01-03,25023
2026-01-04,27083
2026-01-05,18869
2026-01-06,17929
2026-01-07,65545
2026-01-08,23571
2026-01-09,24612
2026-01-10,29302
2026-01-11,30075
2026-01-12,17667
2026-01-13,21918
2026-01-14,16281
2026-01-15,25849
2026-01-16,27433
2026-01-18,29256
2026-01-19,15143
2026-01-20,19916
2026-01-21,22778
2026-01-22,28579
2026-01-23,27864
2026-01-24,30623
2026-01-25,29766
2026-01-26,21607
2026-01-27,22088
2026-01-28,22286
2026-01-29,28225
2026-01-30,98784
2026-01-31,35828
2026-02-01,30938
2026-02-02,20210
2026-02-03,21760
2026-02-04,21507
2026-02-05,29218
2026-02-06,32488
2026-02-07,35599
2026-02-08,33474
2026-02-09,18885
2026-02-10,22766
2026-02-11,24982
2026-02-12,28233
2026-02-13,33117
2026-02-14,38171
2026-02-15,39767
2026-02-16,23325
2026-02-17,25349
2026-02-21,39092
2026-02-22,42880
2026-02-24,26565
2026-02-25,27998
2026-02-26,29927
2026-02-27,39223
2026-02-28,42422
2026-03-01,40645
2026-03-02,22740
2026-03-03,30368
2026-03-04,25789
2026-03-05,35502
2026-03-06,43429
2026-03-07,39775
2026-03-08,38859
2026-03-10,26718
2026-03-11,26422
2026-03-12,35554
2026-03-13,36698
2026-03-14,45112
2026-03-15,39421
2026-03-16,31006
2026-03-17,26985
2026-03-18,30672
2026-03-19,38863
2026-03-20,37600
2026-03-21,46102
2026-03-22,46888
2026-03-23,23531
2026-03-24,30603
2026-03-25,33366
2026-03-26,40152
2026-03-28,43395
2026-03-29,46315
2026-03-30,29707
2026-03-31,31838
2026-04-01,34749
2026-04-02,37335
2026-04-03,44431
2026-04-04,49497
2026-04-05,44272
2026-04-06,35251
2026-04-07,33534
2026-04-08,31366
2026-04-09,42485
2026-04-10,42285
2026-04-11,52548
2026-04-12,51275
2026-04-13,28300
2026-04-14,36062
2026-04-15,37200
2026-04-16,44304
2026-04-17,52354
2026-04-18,50991
2026-04-19,46946
2026-04-20,28943
2026-04-21,31621
2026-04-22,36783
2026-04-23,44114
2026-04-24,48807
2026-04-25,55872
2026-04-26,50745
2026-04-27,37237
2026-04-28,34294
2026-04-29,46809
2026-04-30,46287
2026-05-01,46525
2026-05-02,51286
2026-05-03,53695
2026-05-04,32790
2026-05-05,38456
2026-05-06,40693
2026-05-07,45244
2026-05-08,47825
2026-05-09,51195
2026-05-11,37294
2026-05-12,37795
2026-05-13,35955
2026-05-14,47270
2026-05-15,53276
2026-05-16,54686
2026-05-17,55441
2026-05-18,35505
2026-05-19,34072
2026-05-20,42434
2026-05-21,49817
2026-05-23,62850
2026-05-24,51437
2026-05-27,44031
2026-05-28,50871
2026-05-29,68354
